0	幾乎是空的。
1	包裝箱
2	恐怕我付不起。
3	踩這裡？
4	阿努比斯的大祭司
6	一把髮刷
7	一塊吸墨紙
8	一幅美麗的手繪壁畫……上面有個大洞！
9	1 英鎊 
10	拿這根鐵撬去打開裝著它的箱子吧。再會。
11	幾包繃帶和幾瓶氰化物。
12	一罐樟腦丸和一罐薄荷球。
13	一枝鉛筆
14	一根鋼製鐵撬。
15	士兵鑽了個洞，裝上炸藥。
16	面板上凹陷的一部分。
17	那已成為你選用的武器。
18	鎖住了。
19	一扇堅固的後門。
20	一個糖罐
21	螺絲
22	一把鐵鎚
23	一把鑿石鎬
24	一把長柄鐵鏟。
25	阿努比斯大祭司的護身符。
26	幾捲用來做衣服的布料。
27	發電機
28	一座黑色雕像，上面覆滿黃金飾品。
29	一個鑲滿黃金的箱子。
30	一根支柱
31	一個小蘆葦籃
32	一根長槍
33	一個花瓶
34	一塊木製吸墨紙。
35	一個玻璃瓶
36	死去女孩的袋子裡散落著幾枚硬幣。
37	一張海報
38	墓園蠟像
39	倉庫大門
40	一隻熊
41	筆桿與墨塊
42	一段斷裂的電線。
43	一支狀態良好的雙管獵槍。
44	彈藥
45	一個手搖鈴
46	一個燭台
47	一枚戒指
48	一具棺材
49	後門
50	一個雕刻精美的大黃金箱。
51	一把扇子
52	鐵欄杆
53	一個洞
54	一根撐著屋頂的木頭支架。
55	一個看起來非常牢固的掛鎖。
56	女巫蠟像
57	                                          [ 更多 ]
58	一座貓的聖像。
59	治療卷軸
60	一個金懷錶，附有金鍊。
61	你把它穿上了。
62	一張證書，證明這位合夥人在這家聲譽卓著的律師事務所中的資格。
63	石雕
64	玻璃
65	一座奴隸男孩的雕像。
66	藝術家
67	電纜
68	你的心靈力太低，無法使用水晶球。
69	等一下，我認出你了，你就是在那女人屍體旁被看到的那個男人。你就是開膛手！！！
70	一件配金鈕扣的藍色背心，十分醒目。
71	一把細針銼。
72	一個黃銅煤桶。
73	一副黑色火鉗。
74	一個墨水瓶
75	天平秤盤上的砝碼。
76	一顆螺絲
77	從那皮條客口袋裡找到的地址簿。
78	一條堅韌的繩子。
79	               繼續
80	石塊
81	一把劍。它的前任主人已經用不到它了。
82	幾包棉花和繃帶。
83	一把木柄掃帚。
84	麵包
85	一個鍋子
86	這條電纜被一連串的金屬扣環固定在牆上，無法從這裡取下。
87	證書
88	那個放不進去。
89	碎玻璃
90	一個小蘆葦籃。
91	一張畫作燒毀後的殘骸。
92	你的未婚妻。
93	一顆觸手仍溫熱的人類心臟。
94	三根木製手杖。
95	一個木製文件盤。
96	這隻變異植物怪物坐在一池黏液中，周圍環繞著牠那些變異人形奴隸餵給牠的腐屍。
97	煤炭
98	時鐘
99	一個罐子
100	一把從守衛身上取來的劍。
101	鎖匠的門
102	洞
103	一把染血的短劍。
104	這生物看起來像是某種由人類變異成植物的形態。
105	一雙棕色皮鞋。
106	線
107	一個時鐘
108	一個用於焊接的瓦斯罐。
109	依照碑文所述，這座墓穴是你自己祖先的安息之地。
110	沙子從上方不斷流向下方。你估計沙子大約在兩分鐘內就會流盡。
111	抽屜
112	一頂高頂帽，紳士出門必備的行頭。 
113	一件鮮黃色背心，鑲有紅色絲絨邊。 
114	一把短劍
115	一根銀頭紳士劍杖。
116	一本綠色的桌上日記本。
117	撕破的紙頁
118	我手上的物資不多，能做的有限，但我會盡力而為。
119	不行，我沒有剩下的醫療用品了。
120	沖頭
121	一套精緻的天平與砝碼。
122	一把銳利的鑿子。
123	焊接面罩
124	錢
125	一把鑰匙
126	一個為了炸開礦坑而鑽的孔洞。
127	假人
128	一段電線
129	奸詐的茉莉在你身後甩上門並鎖了起來。
130	一個裝滿油的小罐子。
131	一支調至升 G 音的音叉。
132	一把木柄髮刷。
133	你一靠近，觸手就試圖抓住你的手臂。
134	現在是空的了。
135	一具屍體
136	磨石
137	一塊木板
138	她急著想離開礦坑。
139	一把掃帚
140	士兵
141	一個哨子
142	開膛手傑克是我的獵物！他上週殺了我姊妹，這筆血債要用他的血在碼頭償還。
143	電梯控制器
144	一塊黃銅牌
145	先試著把它拿下來吧！
146	這塊石塊看起來位置不對。
147	一台收銀機。
148	不用了，謝謝。我想我已經喝夠了。
149	先生，這是您的酒。我好像從沒在這附近見過您？
150	        要覆寫舊的存檔嗎？
151	一個化學噴灑器
152	一個燈
153	沐浴鹽
154	植物怪物
155	鍋子
156	一頂黑色圓頂帽，在城裡是必備行頭。
157	數字轉輪
158	展示櫃
159	阿努比斯
160	半變異體
161	一張桌子
162	信裡附著一把鑰匙。
163	一個木製燒杯。
164	一把祭司曾用過的短劍。
165	一個茶壺
166	一個瓦斯罐
167	動物內臟
168	醫生
169	一把萬能鑰匙。
170	靴子
171	一本便條本
172	一本口袋大小的便條本。
173	一個從教堂祭壇上取來的金燭台。
174	你已經戴著防毒面具了。
175	這些選項有幫助嗎？
176	大祭司的屍體
177	這塊地磚看起來比其他的高一些。
178	你上升了一層。
179	一個木碗。
180	一塊地磚
181	一頂圓頂帽
182	一把鑿子
183	皮革
184	木炭
185	布料
186	一幅壁畫
187	一隻有力的手抓住你的肩膀，把你轉了過來。
188	好險逃過一劫。那群憤怒的暴民消失在轉角。他們顯然沒有發現你。
189	一頂黑色騎士帽，非常體面，也是寶貴的防護。
190	一個水壺和一個碗
191	一支焊接槍
192	一個用於遠端遙控炸藥的電子雷管。
193	毒藥
194	汽油
195	             你確定嗎？
196	 先令又 
197	背後一股推力把你轉了過來。
198	你打開了安全門。
199	一座金牛犢雕像。
200	一條又長又粗又堅韌的繩子。
201	一支 369.99 赫茲的音叉
202	一支筆
203	一個文件盤
204	一把小螺絲起子。
205	什麼樣的生意？
206	腐屍的惡臭讓人難以忍受。
207	一名醫護兵
208	一個水壺。
209	一個防毒面具
210	一個附兩個把手和蓋子的大花瓶。
211	一個鞋楦
212	一個用於天平秤的重砝碼。
213	茶箱
214	你把它脫下了。
215	縫紉機
216	一個凹處
217	一個水罐
218	這個豆莢已經枯萎死去。
219	開始
220	一個碗
221	沙子
222	一個刻有圖紋的石製護身符。
223	一個結構堅固的金屬箱。
224	砝碼
225	當舖的門
226	關著的。
227	一個箱子
228	七瓶嬰兒腹絞水。
229	蠟
230	幾根炸藥。
231	圍巾
232	一個縫隙
233	受傷的男子
234	一座金雕像。
235	鱷魚
236	管路
237	覆滿油污的地板
238	無名者
239	很抱歉，我的錢包好像不見了。
240	一張蘆葦墊。
241	一個柳條籃。
242	一把守衛用過的長槍。
243	兩枚十二號口徑的獵槍子彈。
244	一個做工精美的純銀茶壺。
245	四瓶咳嗽糖漿和兩個量杯。
246	從燒焦的坑道支柱上刮下的木炭。
247	一名焊工
248	石針
249	一張儀式用的座椅。
250	不行，你沒有任何傷。
251	一片燒焦的碎片
252	一套天平秤。
253	一個用於緊急狀況的防毒面具，可惜裡面沒有濾芯。
254	一把短柄園藝鎌刀。
255	一罐藍黑色墨水。
256	一個用於焊接時防止強光刺眼的焊接面罩。
257	前門
258	版型書
259	安全門開著時，電梯無法運作。
260	水
261	倉庫的門被一個生鏽的舊掛鎖牢牢鎖住，已經多年沒有打開過。
262	一座落地式老爺鐘
263	這門通往河邊。這裡沒有碼頭，任何人走出去都會全身溼透。
264	一名守衛
265	一個鞋匠的鞋楦。
266	搭配氧乙炔設備使用，可用來焊接或切割。
267	一片厚玻璃板。
268	這些大墓穴裡安放著整個家族的遺體。
269	金字塔蠟像
270	一把大羽毛扇。
271	從河岸倉庫後方碼頭鬆脫下來的一塊木板。
272	一把劍
273	唸這捲卷軸可以治療一些傷勢。
274	一支削尖的小鉛筆。
275	你沒有能打開這個掛鎖的鑰匙。
276	蔬果店的門
277	金屬格柵
278	藤蔓
279	變異者
280	收銀機
281	裡面是空的。
282	用來繪製精美手抄本的筆尖與墨塊。
283	一個大酒壺。
284	一位祭司
285	一個鑲滿珠寶的黃金敞開寶箱。
286	一支329.63赫茲的音叉
287	電工
288	你已經穿戴著它了。
289	一塊木板架在兩棟房子間的空隙上。
290	一大堆碎玻璃散落在通道上。
291	地磚
292	一套防護服
293	一根手杖
294	你在律師事務所連同信件找到的保稅倉庫鑰匙。
295	金字塔建築師
296	衣物
297	房東
298	一隻手抓住你的肩膀，把你轉了過去。
299	一塊刻有象形文字的磚塊。
300	一支軍號
301	一支蠟燭和燭台。
302	一把長柄的鞋匠錘。
303	一具石棺
304	一條橫拉在走廊上的鐵絲。
305	就是他！這傢伙就是有人看到在那女孩附近出現的人！抓住他！
306	那要半個先令，謝謝。
307	一個黃金戰車輪。
308	一個打火機
309	一支獵槍
310	一長卷細鏈。
311	一封手寫信，散發出濃濃的廉價香水味。
312	圍欄
313	皮條客
314	一個水壺
315	一個金屬盒
316	開膛手傑克的刀。
317	郵局的門
318	這一推的力道讓你轉了個圈。
319	你目前擁有
320	一支箭頭包金屬的木箭。
321	一位帶著小匕首的祭司。
322	水龍頭
323	一條乾淨的棉質手帕。
324	這些安全閘門必須關上，電梯才能運作。
325	一名女孩的屍體，喉嚨才剛被割開。
326	一位持劍的守衛。
327	一個大禮帽
328	一個以花朵裝飾的細花瓶。
329	一個木製壁爐鐘。
330	一罐黑墨水。
331	一個雷管
332	好的，我去幫你找茶。
333	你聽到一個音符響起
334	扒手威利
335	打開的門
336	這個物品沒辦法拿下來。
337	一個置物櫃
338	一匹木馬
339	一個掛在銀鏈上的銀懷錶。
340	平頭釘
341	鎖鏈
342	一罐蜂蠟。
343	一把短柄的鞋匠錘。
344	一個用於天平的輕型秤重砝碼。
345	鑰匙上綁著一張標籤，寫著茉莉的名字。
346	我正在找一個叫茉莉·帕金的女孩。
347	內臟
348	一件做到一半的男士手工西裝外套。
349	一套工具箱
350	天平
351	一罐平頭釘。
352	一本日記
353	你用萬能鑰匙打開了這道門。
354	一位礦工
355	一根螺栓
356	地磚
357	一個小型彩繪花瓶。
358	一個籃子
359	裡面裝著電工用的工具。
360	藥劑師的器具
361	看起來像某種安全鑰匙。
362	一個聖杯
363	從發電機排水孔取下的螺絲。
364	一把弩
365	一個書櫃，塞滿了許多發黴的舊法律書籍。
366	沒有辦法繞過這塊突起的磚塊。
367	蠕動的藤蔓
368	亞力克斯
369	門
370	一個大蘆葦籃。
371	排水孔
372	一道裂縫
373	園丁
374	一幅畫
375	礦工用來存放個人物品的金屬置物櫃。
376	一瓶外科用酒精、兩面刮鬍鏡，以及三小罐頭痛藥。
377	一盒平頭釘。
378	一對女用棕色皮靴。
379	一台瓦斯驅動的鑿孔機，不過鑽頭不見了。
380	屠夫丟棄的動物內臟與廢料。
381	一張椅子
382	你的弟弟亞力克斯昏倒在蠟像館的角落裡。
383	你說服我了，那我再來一杯。
384	一支261.63赫茲的音叉
385	一張穿著相當體面西裝男子的海報。
386	罐子
387	鏡子
388	一件雕塑
389	空氣中瀰漫著一股燒焦油味。
390	一位工程師
391	這塊牌子描述了這座蠟像背後的故事。
392	兩位年輕女子
393	這道門已經被封住，無法打開。
394	還有什麼需要幫忙的嗎？
395	一個瓶頸很細、底部有細裂縫的罐子。
396	一把短柄的重型敲擊錘。
397	使用這些東西，風險自負。
398	一把鐮刀
399	一匹小孩的木馬。
400	當你靠近時，這個豆莢開始顫動，彷彿察覺到你的意圖。
401	一面堅固的金屬格柵蓋住側牆上一個大凹室的正面，上頭有個小門可以進入。
402	開膛手傑克蠟像
403	襯衫
404	             遊戲暫停
405	一座宦官的雕像。
406	櫃台展示架
408	一把弓
409	一塊看起來像是某雕塑廢料的石頭。
410	一支調至中音A的音叉。
411	四瓶高嶺土藥劑和幾包安眠藥。
412	教授
413	燈具
414	一個箱子
415	一支黃銅筆尖的筆。
416	一長段廢鐵。
417	一個護身符
418	我才不要靠近那個東西。你要是非進去不可，最好先把我帶到安全的地方。
419	你踏上前，踩到了那塊板子。
420	女孩
421	一座骷髏被木樁刺穿的蠟像。
422	天平秤盤
423	一個殭屍
424	一個陶罐。
425	一個黃銅油燈。
426	一支銅製軍號。
427	一個彎曲的穿靴鉤。
428	一個鑽頭
429	裁縫店的門
430	一台嬰兒車
431	一位持槍矛的守衛。
432	一支調至中音C的音叉。
433	一個從教堂祭壇上取來的黃金聖杯。
434	我認得你！你就是有人看到在那可憐女孩附近出現的那位紳士！就是你，沒錯吧，你就是開膛手！跟我走！
435	死去的女孩
436	聽著，我受夠你了。你只是在浪費我的時間，我要去叫警察了。
437	一個燒杯
438	一頂草帽
439	一支調至升F的音叉。
440	一頂帽子
441	火鉗
442	一把壁爐刷
443	瓦斯蓋
444	根據碑文所述，這座墓穴正是你自己家族的安息之地。
445	裡面裝滿了水。
446	年輕女子
447	一張紙莎草紙
448	一個面容看起來莫名熟悉的殭屍。
449	一頂草帽，在河邊度過時髦週末時絕不可少。
450	一段取自墓園圍欄的鐵柵條。
451	一個變異者
452	一把刀，看起來像是彎曲的土耳其匕首。
453	一台軌道台車
454	分類格架
455	一根撬棍
456	一個穿靴鉤
457	一根坑道支柱
458	一根鐵條
459	一個舊警笛。
460	書籍
461	一座阿努比斯神的大型雕像。
462	五金行的門
463	一份沒有任何重要內容的手抄本。
464	兩塊鞋匠用皮革。
465	一個煤桶
466	一把螺絲起子
467	一把看起來生鏽的鑿岩鎬。
468	一個極重的天平砝碼。
469	電梯安全閘門的鑰匙。
470	這個罐子裡裝著大量從屍體中取出、用於製作木乃伊前的人類內臟。
471	你並沒有穿戴著它。
472	你沒有箭可以發射。
473	突然你感到背後被人一推，把你撞向那座蠟像。
474	一座雕像
475	一顆心臟
476	弗拉迪米爾戴著的戒指。
477	一塊面板
478	這些藤蔓已經枯萎，看起來像是死了。
479	這個奇怪的豆莢看起來很不友善。
480	豆莢
481	顧客
482	兩個男人
483	你好啊，我的外甥，有什麼需要幫忙的嗎？
484	你已經穿著防護服了。
485	一塊岩石
486	解毒劑
487	一個很重的天平砝碼。
488	圖畫
489	一座覆蓋著黃金飾品的黑色雕像。
490	石膏碎片
491	礦坑蠟像
492	一個玻璃罩下的座鐘。
493	一個小銀糖罐。
494	鞋子
495	死去女孩的手提包。
496	你沒有合適的工具能剪斷這個掛鎖。
497	你敲擊鏡子時響起一個音符
498	你敲擊玻璃時響起一個音符
499	一塊大石
500	它已經關上了。
501	兩個一臉兇惡的男人斜靠在牆邊。
502	一份手抄本，上面畫著阿努比斯與幾個象形文字。
503	一個輪子
504	一件背心
505	一頂棕色圓頂帽。
506	釘子
507	一條手帕
508	一座煙囪
509	被堵住的入口
510	這條電線連接著一系列的燈具。
511	              再玩一次？
512	你是誰？
513	這次要幫你拿些什麼嗎？
514	一個大木桶。
515	3張大型紙莎草卷軸。
516	三卷堅韌的鞋匠用線。
517	一把黃銅壁爐刷。
518	一根被丟棄的坑道支柱。
519	一根木樁
520	一瓶能操控心智的毒藥。
521	開膛手傑克悄悄靠近，割開了你的喉嚨。
522	數塊刻有象形文字的磚塊。
523	這個坑太寬了，跳不過去。
524	一座法老的黃金雕像。
525	兩位風塵女子
526	一罐各種尺寸的螺絲。
527	書櫃
528	海報
529	一把長弓。
530	一個醫療箱
531	一劑用於解植物毒素的解毒劑。
532	一個秤砣
533	你沒有找到什麼有趣的東西。
534	一根燒得焦黑的坑道支柱。
535	火把
536	一面牌匾
537	一個加壓式化學噴霧器,裡面還殘留著一些殺菌劑。
538	一根蠟燭
539	力場
540	死靈法師
541	0
542	一件外套
543	幾顆球
544	那些綠色的皮膚斑塊正在擴散。
545	地址簿
546	先把它拿起來再試試看!
547	1
548	門
549	更多選項。
550	你沒有能打開這道門的鑰匙。
551	教堂祭壇上的一個金盤,盛著受過祝福的麵包。
552	茉莉·帕金
553	2
554	一頂騎馬帽
555	一罐釘子。
556	一盆盆栽
557	這道門被鎖定在開啟的狀態。
558	你能治療我的一些傷勢嗎?
559	3
560	莎草紙
561	兩副研杵和研臼,還有一個漏斗。
562	一個裝滿汽油的玻璃瓶,瓶口塞著一塊布。
563	「船隻酒館」酒保給你的倉庫鑰匙。
564	這些詭異的藤蔓似乎有自己的意識。
565	年輕人
566	4
567	一位公主
568	電線
569	一雙沉重的男士棕色皮靴。
570	一輛台車。它太重了,你根本推不動。
571	一張地圖
572	這本日記浸滿了血。
573	你其中一名受害者的屍體。
574	安全門
575	煤炭現在已經熄滅了。
576	5
577	一支箭
578	一個潘趣的瓷偶,那是深受各地兒童喜愛的知名人物。
579	一個天平用的極輕砝碼。
580	一個懷錶
581	一封信
582	別傻了。
583	一隻狗
584	一台汽油發電機。
585	這些藤蔓被燒得焦黑,嚴重燒毀。
586	這個豆莢已經釋放出裡面致命的東西了。
587	6
588	一個木桶
589	一個燃油燈。
590	一堆細沙。
591	一條繩子
592	一個打火機,看起來裡面還裝滿了油。
593	一套厚重的防護衣。
594	 你正穿著它。
595	一堆從破碎壁畫上掉落的石膏碎塊。
596	它已經是開著的了。
597	一個保險箱
598	 便士。
599	7
600	我認出你了!你就是在那個女人的屍體旁被人看到的那位先生。你就是開膛手!!!
601	一件做工精細的紳士外套,連薩維爾街的裁縫都會以它為傲。
602	一個415.3赫茲的音叉
603	一頂黑色圓頂禮帽。
604	一根木樁。
605	一個天平用的頗輕砝碼。
606	一把刀
607	一具屍體
608	肉鋪的門
609	一個炭爐
610	         儲存          讀取
611	8
612	一塊墊子
613	一枚大型金製胸針,造型是聖甲蟲。
614	一個440赫茲的音叉
615	醫療用品
616	一個小黃銅手搖鈴。
617	一本書
618	燒毀的坑道支柱
619	繩子
620	這個掛鎖牢牢地鎖著。
621	恐怕本店不歡迎白吃白喝的人,先生。我得請你離開了。
622	9
623	一隻手緊緊抓住你的肩膀,把你轉了過來。
624	你的心靈力已經耗盡了。
625	一座次階女神的雕像,看起來似乎可以移動。
626	裡面裝著各種急救所需的藥丸、繃帶和藥水。
627	木棒
628	一頂高聳的黑色大禮帽。
629	一把簡陋卻致命的十字弓,上面已裝好一根木製箭矢。
630	它沒有鎖上。
631	                離開
632	客人
633	拳頭
634	 一捲鞋匠用的縫線。
635	一盆盆栽,看起來像是虎尾蘭。
636	一把鏟子
637	一張倫敦白教堂區的街道地圖。
638	你將承受我的詛咒,就像在你之前的人一樣,而在你之後的人也必將如此。
639	用於儲物的甕罐。
640	沙漏
641	墓室
642	這些燈目前還無法使用。
643	           是          否
644	阿努比斯的大祭司——那個邪惡的雙胞胎兄弟——就站在你面前。
645	炸藥
646	一支鑽子
647	一個袋子
648	櫃子
649	藥房的門
650	一張化妝台
651	一個水壺和一個洗臉盆。
652	四瓶消毒藥水和兩包棉花棒。
653	一支銼刀
654	這瓶藥水還沒有發揮作用。
655	阿努比斯的大祭司——那個邪惡的雙胞胎兄弟——的屍體,已被肢解倒臥在地上。
656	玻璃罐
657	抹了油的脖子
658	 要讀取已儲存的遊戲嗎?
659	一個掛鎖
660	一把用於祭典的劍,劍身短而寬。
661	一枚胸針
662	一個音調設定為中央E的音叉。
663	三大瓶浴鹽。
664	一罐螺絲。
665	一支鑽孔機用的鑽頭。
666	一個裝滿頂級中國茶葉的茶箱。
667	一封海關與稅務局寄來的信,內容是關於在河岸邊倉庫保稅存放茶葉的事。
32768	我該去哪裡找公主和我的邪惡雙胞胎兄弟?
32769	你能告訴我關於這座金字塔的事嗎?
32770	多跟我說說阿努比斯,還有他所代表的意義。
32771	你能幫我應付這些陷阱和謎題嗎?
32772	我該效忠於哪位神明?
32773	叔叔,我受傷了,你能幫我嗎?
32774	你知道中央那座水池的事嗎?
32775	我看不見這頭怪物,該怎麼殺死它?
32776	叔叔,我看不懂這個數字謎題!
32777	你能告訴我該湊出哪個數字嗎?
32778	那間放著水罐的房間,我該怎麼做?
32779	地上那些奇怪的磁磚是什麼意思?
32780	哪些符號代表生命?
32781	我被困在某種毒氣室裡了。
32782	我還是找不到出路,快幫我!
32783	我似乎找不到前進的路。
32784	那間刻著蛇形雕刻的房間,我該怎麼做?
32785	叔叔,你能幫我應付這座天平嗎?
32786	先告辭了,我得繼續我的任務。
32787	我不太確定,但我建議往上走或許是個好方向。
32788	據說這座大金字塔共有六層,每一層都布滿了狡詐的陷阱、謎題與守衛。
32789	相傳這座金字塔是阿努比斯在一夜之間建成的,用來獎賞他的信徒。
32790	阿努比斯最關注的,是為死者開啟通往另一個世界的道路。
32791	他常被描繪成一隻長著茂密尾巴的黑色胡狼,或是有著犬首或胡狼頭的黝黑男子。
32792	阿努比斯之道通向的只有死亡,凡是刻有他形象的地方都要格外小心。
32793	具體的細節我並不清楚,但我得警告你,古埃及人的機關十分精巧,許多陷阱只要一腳踩錯就會啟動。
32794	最好放慢腳步,留意地面。如果你遇到邏輯謎題,我或許能幫上忙。
32795	卡辛王子是哈托爾的信徒之一,哈托爾是喜悅與愛的女神,常被描繪成牛頭女子,或是頭上長著牛角的女子。
32796	當她的形象出現時,通常表示你是安全的,或是走在正確的路上。
32797	我對現實世界能發揮的作用非常有限,但也許能提供一點小小的幫助。我需要一張紙,好在上面施下治療的法術。
32798	曾住在這座神殿裡的阿努比斯教眾,據說會在湖中養一頭鱷魚,用來處理垃圾。我勸你小心接近。
32799	這頭怪物似乎會在最底層的湖邊進食。或許可以設法把它引出來,再用什麼東西砸死它。
32800	這看起來是個簡單的埃及加法謎題。五角星上每一排的數字加起來,總和都必須相同。
32801	你必須在沙漏漏完之前解開這個謎題,否則就會觸發一個可怕的陷阱。
32802	試著讓五角星每一邊的總和湊成一個較大的偶數,像20這樣。我想這樣就能解開謎題。動作快,你的時間快到了!
32803	這是另一個用來防範入侵者的邏輯謎題。
32804	其中一個罐子刻著哈托爾的符號,也就是生命之符,而其他五個則刻著阿努比斯的符號,也就是死亡之符。
32805	我認為必須先把生命之罐裝滿水,才能繼續深入金字塔。
32806	每一片磁磚上都刻著一個埃及聖書體符號,有些和哈托爾有關,有些則和阿努比斯有關。
32807	如果你想活命,最好只踩在代表生命的符號上。
32808	我不知道哪些符號屬於哪一邊,但或許附近會有什麼文件能幫上你。
32809	現在灌進這房間裡的氣體毒性極強,一旦吸入,很快就會沒命。
32810	這裡一定有出去的辦法,因為這是繼續深入金字塔的唯一路徑。
32811	檢查牆壁和地板,找找隱藏的按鈕、拉桿,或任何異常之處。解除陷阱的方法就藏在某個地方。
32812	也許通道已經被封死,用來阻擋入侵者。或許值得找找看有沒有秘密通道。
32813	牆上那些洞是數百條致命毒蛇的巢穴。幸好蛇怕火,我建議你試著點燃某種易燃液體。
32814	沒錯,姪兒,只要你能用藏在金字塔各處的砝碼讓兩個秤盤平衡,就會有一道門打開,通往另一個房間。
32815	一路平安……
32816	這張莎草紙就夠了。只要把卷軸念出聲就能使用它。
32817	等你身上有一張空白的莎草紙時,再來問我。
32818	我們得趕快找到你的朋友,免得為時已晚。
32819	我還在為你的朋友治療,能不能讓我靜一靜?
32820	你是誰……?
32821	你是怎麼進來的?
32822	把他留給我,我會盡力而為。你有沒有武器可以給我,以防他們找上門來?
32823	你的朋友恢復意識了,但因為傷勢還很虛弱。他得儘快送去醫院。
32824	我不是那些怪物之一,我是來幫忙的。
32825	一位朋友。告訴我你所知道關於這些變種人的事。
32826	我是來查看這座礦坑,一路打進來的。
32827	這說來話長……
32828	你知道關於這瓶藥水的事嗎?
32829	這些其他人是誰?
32830	面對這裡的邪惡,你能幫上什麼忙嗎?
32831	是這瓶藥水造成皮膚變綠的嗎?
32832	那其他人呢?
32833	這裡有個急救箱,你能幫我嗎?
32834	我沒有任何醫療器材。
32835	你得過來看看附近的一個男人。
32836	恐怕我得走了,留在這裡等我回來。
32837	用這個化學噴霧器保護自己。
32838	用這把螺絲起子跟他們打。
32839	這把大鐵鎚可以用嗎?
32840	用這把鏟子跟他們打。
32841	這把鶴嘴鋤可以用嗎?
32842	抱歉,我沒有多餘的武器可以給你。
32843	我現在得走了,還有很多事要做。
32844	恐怕我知道的不多。我昨天在村子裡被這些戴著頭罩的人抓來的。
32845	他們把我帶到這裡,逼我喝下一種噁心的綠色液體。那東西讓我陷入某種昏迷狀態,直到幾分鐘前醒來之前,我什麼都不記得。
32846	我來這裡之後幾乎查不出什麼。這瓶藥水似乎會讓喝下的人陷入昏迷狀態,變成那些怪物毫無心智的奴隸。
32847	藥效只能持續幾個小時,之後受害者就會恢復自主意識。
32848	我旁邊那個男人是個士兵。他已經被灌了好幾次這種液體,我認為他身上很快就會開始出現綠色斑塊。
32849	長期接觸這種東西,似乎會導致我們那些看守者身上出現的可怕變異。
32850	我是一名合格的醫生!可惜身上沒有任何器材。不過如果有某種急救箱,我應該能幫你處理一下傷口。
32851	請盡快回來。
32852	我認為過度使用這種藥水會導致細胞結構產生變異,造成我們所看到的這些現象。
32853	隨著攝取量增加,受害者的身體似乎會變得越來越像植物,而他們的心智也似乎越來越混亂。
32854	到最後,心智似乎會完全崩潰,受害者就會變成毫無心智的奴隸。
32855	就我所了解,第三個男人是個電工,但你也看到了,他的情況相當嚴重。
32856	我一直無法跟他好好溝通,也無法讓他完全恢復意識。
32857	最後那個男人自我來到這裡之後就沒動過。我不知道他是誰,也不知道他在這裡待了多久。
32858	恐怕沒有器材,我什麼都做不了。
32859	我會盡力而為。
32860	除非拿到一些醫療用品,否則我什麼都做不了。
32861	謝謝你。我來設法救你的朋友,你可以先走了。
32862	我不會毫無防備地留在這裡。你得想辦法擋住那些怪物。
32863	小心點……
32864	你能活著真是幸運。我昨天是被強行帶來這裡,還被逼著喝下一瓶綠色藥水。
32865	我記得在陷入某種昏迷之前感覺非常不舒服,而我剛剛才從那種狀態中醒來。
32866	這個我沒辦法拿來自衛!你還有沒有其他比較好用的東西?
32867	你嘶……是主人選中的信徒嗎!
32868	哪個主人?
32869	不,我不是他們那邊的,我是來救你的。
32870	主人到底是「誰」?
32871	你以前是人類嗎?
32872	我該走了。
32873	主人嘶……掌控一切。主人嘶……征服一切。主人嘶……統治一切。
32874	我嘶……服侍主人。
32875	守衛嘶……有入侵者。守衛嘶……
32876	主人嘶……乃邪惡力量的寵兒。主人嘶……賜下藥水。藥水嘶……使人強大。你不服侍主人。守衛嘶……入侵者……守衛嘶……
32877	人類……是嘶……如今我服侍主人。你必嘶……須死!守衛嘶……
32878	他已經失去意識了。
32879	我需要一些工具才能修好升降機,你得盡快幫我找來。
32880	把工具箱給我,再帶我去升降機那裡,我才能修好它。
32881	救……救我!
32882	你怎麼了?
32883	你還好嗎?
32884	別擔心,我是來幫忙的。
32885	我能幫上什麼忙?
32886	這種毒有解藥嗎?
32887	我馬上去找教授談。
32888	教授?什麼教授?
32889	他們要把我……變成……變成他們那種東西。救救我……求你了!
32890	救我……我快變成那些怪物的一員了……想想辦法吧……求你了……
32891	別讓他們再……再給我那種……那種……藥水了……把那股邪惡……帶走。
32892	找到教……教授。他……知道該怎麼做。
32893	教……教授知道要怎麼阻止……這一切。
32894	謝……謝謝你……快點回來……
32895	教授試著……試著逃跑。他在他們給他……毒藥之前,先服下了解……解藥。
32896	他說他會……會砸毀升降機的……控制裝置。阻止他們出去……我可以修……修好它們……
32897	他陷入了昏迷。
32898	我沒辦法再幫你什麼了。快想辦法修好電梯的控制裝置吧。
32899	是時候引爆炸藥了。按下起爆器上的紅色按鈕，我們得盡快離開這裡。得在礦坑炸毀之前逃出去。
32900	你最好先確定逃生路線都安排好了才能用那個起爆器。我猜這一炸會把整個地方都炸垮。
32901	我得在每一面牆上都裝上炸藥，才能確保徹底炸毀。
32902	趁守衛還沒來找我之前，快去主廳。
32903	你是來救我們的嗎？
32904	如果你是這個意思，我跟他們不是一夥的。
32905	是的。你知道什麼能幫我的事嗎？
32906	我有個妙計。
32907	我還希望你會有點想法。
32908	這麼說你是軍人？
32909	我其實還沒有計畫……目前還沒！
32910	你有什麼派得上用場的技能嗎？
32911	你看過我們要對付的是什麼了嗎？
32912	如果我拿到合適的裝備，我們能把礦坑炸掉嗎？
32913	好，我想我能幫你找到那些東西。
32914	你能確切告訴我需要什麼嗎？
32915	我去找你需要的裝備了。再見。
32916	你能再說一次你需要的東西嗎？
32917	反正多一個平民也改變不了什麼。我們都會死在那些……東西手裡！你以為自己有多少機會？
32918	我知道跟他們硬拼沒用。牠們太強了，我們對付不了。除此之外我懂得不多……除非你需要炸掉什麼東西。
32919	抱歉我對你沒什麼信心，我想了好幾天都想不出計畫。你能跟我說說嗎？
32920	我想了這問題好幾天，還是想不出個像樣的計畫。而且，你看過你要對付的東西了嗎？
32921	我是軍中的爆破專家。如果你需要炸掉什麼，只要裝備齊全，找我就對了。
32922	我建議你想個辦法殺掉那東西，我們才能逃出去。如果我在軍中學的爆破技術用得上，我很樂意幫忙。
32923	我現在這個樣子，對誰都幫不上什麼忙。我唯一懂的就是炸藥。我以前是軍中的爆破專家。
32924	你是說你還沒看過！沿著中央通道走到底，你就會看到我們要對付的是什麼！
32925	那是一隻巨大的植物怪物，在一個滿是人骨的湖裡打滾。
32926	我親眼看到牠頭頂裂開，伸出一隻巨大的螫爪。我也想幫上忙，但我懂的就只有炸藥。
32927	如果你能弄來炸藥、電線、起爆器和鑿孔機，再保我不被那植物怪物碰到，我就能輕鬆把整個頂炸下來。
32928	我需要幾根炸藥條和一個起爆器。大概八根就能炸垮整個主廳區域。
32929	我需要一些電線把炸藥連起來，還要一個附鑽頭的鑿孔機。
32930	我不知道你要去哪找這些東西！不過最重要的是，我需要能防範那怪物麻痺螫針和毒氣的東西。
32931	對。我需要大概八根炸藥條、一個起爆器、幾公尺電線、一個鑿孔機和一個鑽頭。
32932	我還需要某種能防那怪物的東西。
32933	快去找醫生……快點。
32934	你好，朋友，謝謝你及時帶醫生來見我。不過，在我們能離開之前，還有很多事要做。
32935	那些怪物必須被消滅，這樣牠們才不能再從我們村子擄走無辜的人。這個任務，我就交給你了。你有什麼問題嗎？
32936	你為什麼砸壞了電梯的控制裝置？
32937	你對那些怪物知道些什麼？
32938	你是怎麼到這裡來的？
32939	我該怎麼把牠們全部消滅？
32940	你能給我一劇解毒劑，解那植物毒素嗎？
32941	你有沒有什麼殺死那些怪物的方法？
32942	你是怎麼抵抗毒素的效果的？
32943	那個解毒劑能給電工用嗎？
32944	我能拿解毒劑嗎？
32945	我已經裝好炸藥了。把解毒劑給我吧。
32946	我們晚點再聊。再見。
32947	這樣一來，我們逃出去的機會可就小多了……
32948	所以……你打算怎麼逃出去？
32949	希望你知道怎麼修，我要出去！
32950	這個人在哪裡？
32951	我毀了電梯的控制裝置，就是為了不讓那些怪物跑到地面上抓更多受害者。
32952	我待在這裡的時候，觀察了牠們很多的行為。
32953	這些個體怪物，是人類持續攝入巨大怪物分泌的一種生物毒素之後變異而成的。
32954	一旦攝入毒素，受害者就會陷入恍惚狀態，任那巨大怪物操控。
32955	沒有指令的話，牠們只能做非常簡單的判斷。
32956	毒性會在幾個小時後消退，受害者接著就會陷入昏迷。
32957	醒來之後，他們對受藥物控制時做過的事完全沒有記憶。
32958	如果持續施用毒素，受害者的身體就會開始出現變化。
32959	皮膚會轉為綠色，變得像植物一樣堅韌。
32960	其他變化，比如長出爪子或吸盤，似乎每個受害者各不相同。
32961	我下來這裡就是想查清楚是怎麼回事。有天晚上，我看見一個披著斗篷的人，肩上扛著個包袱走進礦坑。
32962	我決定調查一下。
32963	第一次下來時我沒被發現，還從那些生物身上採了幾個樣本回去分析。
32964	第二次下來時，我打算釋放囚犯，並炸毀這座礦坑。
32965	不幸的是，我被那些怪物抓住，自己也被下了毒。
32966	幸好，我能抵抗毒素的效果，逃了出來。
32967	我到礦井底部時，發現電梯已經不在了。接著你就下來了。我在昏倒之前砸壞了控制裝置，免得再有更多怪物跑出去。
32968	你不需要消滅牠們全部，只要解決牠們的頭目——那隻蹲在通道盡頭的巨大怪物就行了。沒了牠，其他怪物也會跟著死。
32969	解毒劑只剩一劇了，不足以完全解除毒性，但能讓服用的人腦子清醒過來，暫時恢復正常。
32970	也能讓他脫離中毒後的昏迷狀態。
32971	不過藥效只能維持很短的時間。要徹底解除毒性，得持續施用解毒劑才行。
32972	從我的研究來看，牠們體內的植物成分對化學除草劑非常敏感。
32973	除草劑似乎能以驚人的速度瓦解牠們脆弱的身體結構。
32974	火對牠們也很有效，因為牠們的軀體非常乾燥易燃。但論體力，牠們相當強悍，用武力硬殺會很困難。
32975	我中毒之前，先服下了自己研發的解毒劑。
32976	在那植物怪物被消滅之前，你不能拿走它。我來這裡就是為了這件事，沒完成我是不會走的！
32977	你要它有什麼用？這是我最後一劇了，非常珍貴。得留到真正需要的時候才能用！
32978	當然可以——但起爆器啟動之前我們是走不了的。
32979	多數人的需要，勝過一個人或少數人的需要……
32980	這裡關著一個被抓的電工，他能幫我們修好。
32981	可惜我不是電工——不過礦坑裡有個人能幫我們。
32982	他跟其他囚犯一起被關在牢裡。你去幫我找醫生的時候應該見過他。
32983	你能告訴我這裡跟我這位兄弟有關的事嗎？
32984	你知道有關這靈藥的事嗎？
32985	你在這裡能用法術幫我嗎？
32986	那台失控的礦車，我該怎麼處理？
32987	我找不到鑽子要用的鑽頭。
32988	我的殺菌劑用完了，該怎麼辦？
32989	這個防毒面具沒有防護效果。
32990	我能用這條手帕做個濾網嗎？
32991	我打不開這些籠子。
32992	先這樣了，叔叔。
32993	姪兒啊，恐怕關於這個雙生子能查到的資料很有限，因為這整件事一直被保密得很嚴密。
32994	我知道的大部分都已經寫在蠟像館裡的銘牌上了。你可以從礦坑裡的囚犯那邊得到更多資訊。
32995	我能從靈界給你的幫助，得看附近有沒有地脈經過。
32996	可惜這座礦坑離地脈太遠了，我沒辦法從中汲取力量。這一段你得靠自己了。
32997	或許你可以用什麼重物擋住軌道。
32998	我記得在那個礦工屍體附近的牆上，好像有些鑿出來的孔洞。
32999	找找看有沒有別的液體可以代替。
33000	試試用個簡易濾網。
33001	是的，如果你能找到某種過濾用的東西就行。
33002	試試用什麼東西把鎖切開。
33003	歡迎光臨您叔叔的蠟像館。我是他的助手。請把您的門票給我。
33004	少爺，您叔叔交代我把這顆水晶球交給您。我想這是家傳的老物件，您叔叔一向對它十分珍視。
33005	姪兒，你終於來了。只有你，才能完成我一生的心願，替我們家族除去那女巫的古老詛咒。
33006	在這些牆裡，你會看到我收集了歷代家族中，出生的雙生子裡最邪惡的那些。
33007	你得靠強大的法力進入他們的世界，找到他們、殺了他們，摧毀滋養這詛咒的力量。
33008	唯有這樣，你才能找到辦法，永遠替我們家族除去這可怕的詛咒。
33009	為了讓你完全了解這可怕的詛咒，
33010	我已經把一封很重要的信交給家族律師，留給你。你應該在來這裡之前就先讀過了。
33011	如果你太趕沒能讀那封信，我強烈建議你現在就讀一讀，好讓你完全明白眼前的處境。
33012	我這蠟像館裡的每一件展品，都掛著一塊銘牌，讀了之後就能知道等著你的是什麼邪物。
33013	祝你好運，記住，之後我或許還能幫你，但那是有代價的。與死者溝通，會對活人的心靈力造成極大的消耗。
33014	請從走廊盡頭的那道門進入蠟像館。
33015	您似乎沒能輸入正確的密碼。請先閱讀說明書，再試一次。
33016	請輸入下列項目的票號：
33017	密碼錯誤，請再試一次
33018	姪兒，我能幫你什麼？
33019	你能跟我說說那些展品的事嗎？
33020	我進蠟像館時，有沒有特別的順序要遵守？
33021	我還有很多事要做，我們晚點再聊。
33022	讀讀那些銘牌，會對你有幫助。
33023	不，要解除詛咒，他們都得被打倒才行，你在一個世界裡收集到的東西，帶不到另一個世界去，所以先後順序並不重要。
33024	晚上好，先生。要來點什麼？
33025	又見面了，先生。有什麼能為您效勞的？
33026	先生，希望您這次帶了錢。想喝點什麼？
33027	恐怕我沒辦法再幫您什麼了，除非您想再買一杯。
33028	老闆，給我一杯你們最好的麥酒。
33029	有炸豬皮嗎？
33030	不用了，謝謝，不過我需要一些消息。
33031	目前不用，我可能晚點再回來。
33032	你說服我了，那就來一品脫吧。
33033	不用了，謝謝。我正在戒酒。
33034	呃……那免費招待一杯如何？
33035	我是來這裡辦事的。
33036	我在找點樂子。
33037	我回家的路上迷了路，結果走到這裡來。
33038	我是葛里波神奇疝氣帶的推銷員。
33039	我在當地的報社工作。
33040	這個我不太想說。
33041	我幹嘛要找他聊什麼娛樂的事？
33042	在我看來他有點不太正經。
33043	那這附近的娛樂，是他在打理的嗎？
33044	聽起來是個好主意。
33045	你知道我要去哪裡弄一個嗎？
33046	可惜我對這一帶不太熟。
33047	既然來了，我倒是想找點娛樂。
33048	哦！你是說他替那兩位女士拉皮條！
33049	抱歉，我剛來這一帶，不熟。
33050	那我看就這麼辦吧。
33051	在這附近要找樂子，都上哪去？
33052	好主意。我要去哪裡弄一個？
33053	我同意。你有一份能借我嗎？
33054	謝謝你的一切幫忙，不過我真的得走了。
33055	等我到處看看之後再來找你。
33056	我已經跟他談過了，謝謝。
33057	沒問題，先生。半先令。
33058	先生，這個恐怕剛好賣完了。還要來點別的嗎？
33059	沒問題，先生。不過您應該會想先嚐嚐我這上好的麥酒吧，先生。這是我自己釀的，這一帶找不到更好的了。
33060	先生，嚐了這個您絕對不會後悔。半先令，謝謝。
33061	抱歉不能陪您多聊了，先生，我看好像有客人在等了。
33062	真是的，先生。我實在想不到什麼買賣會讓您這麼晚跑到這裡來。
33063	啊！先生，您找錯人了。您要找的是那邊穿粗花呢外套的那位。
33064	先生，我想您得弄一份街道地圖才行。
33065	我倒是需要一件葛里波疝氣帶。這些裝滿的麥酒桶太重了。您下次經過這一帶時，能不能給我留一件。
33066	哦……那您一定是在寫倫敦城裡酒館的什麼報導。先生，來，我再請您一杯……算我招待的。
33067	我懂了，先生。您這行最好還是保密比較好，畢竟現在警察都在到處找開膛手傑克。
33068	嘿嘿！這麼說吧，如果您想找點樂子，他就是您要找的人。
33069	他那一行，看起來有點不正經反而是好事，您明白我的意思吧。
33070	先生，也可以這麼說。
33071	如果您不是本地人，一份街道地圖會很有用。這時候的夜裡，街道看起來都長得一樣。
33072	我唯一想到的就是對街那間律師事務所。不過先生，他們現在應該關門了。要是我，我會等明天早上九點再去。
33073	那先生您需要的是某種地圖。
33074	先生，您找錯人了。那邊穿粗花呢外套的那位應該能幫上您。
33075	先生，小聲點！這附近的人都覺得開膛手傑克是被個沒品的皮條客送上女孩的，所以皮條客在這一帶可不太受歡迎。
33076	先生，這陣子您可得小心點。各種人都被當成開膛手傑克抓去吊死了，可他還是逍遙在外。
33077	要是我剛來這一帶，我會先弄一份地圖，免得迷路。
33078	如果您在等到明天之前不知道要做什麼，那邊穿粗花呢外套的那位先生應該能幫上您。
33079	先生，您找錯人了。這裡的娛樂是那位穿粗花呢外套的先生在打理的。
33080	我最近看到的就只有對街律師事務所裡那一份。跟您說一下，他們明天早上九點開門。
33081	沒有，先生。我知道的就只有對街律師事務所裡那一份。您明天早上九點應該就能拿到。
33082	謝謝您，先生。哦，還有件事要提醒您，先生。坐在這位先生旁邊時，您最好看緊自己的財物。他挺喜歡順手拿一兩支懷錶的。祝您順心。
33083	祝您順心，先生。哦，對了，先生。坐在這位先生旁邊時，我會看緊自己的財物。他挺喜歡順手拿一兩支懷錶的。祝您順心。
33084	抱歉，我不能再陪您聊下去了。
33085	先生，要是他都找不到什麼娛樂給您，那我也不知道還有誰能找到了！
33086	在您開始到處遊蕩之前，我會先弄一份地圖。晚上所有的街道看起來都一樣。
33087	這是怎麼回事啊。聽說你一直在騷擾這位老闆。
33088	你想幹什麼？
33089	聽著，我沒興趣喝一杯。你們就不能讓我安靜一下嗎？
33090	聽著，我不是叫你走開了嗎……
33091	你把那支錶弄來給我了嗎？
33092	晚上好啊，老兄。要喝一杯嗎？
33093	是想談一點小生意……
33094	現在幾點了？
33095	好吧，如果你要這樣的話……
33096	真可惜，我還希望能跟你聊聊呢。
33097	哦，好，那我們就直接談生意吧。
33098	我需要弄到一件東西。
33099	我有件小差事要交給你，如何？
33100	好吧，沒問題。
33101	哦，別鬧了，你騙不了我的。
33102	我會付你不少錢。
33103	等等！我會為你的服務付一筆好價錢。
33104	抱歉，我都忘了你根本不值得我花時間！
33105	我要去哪裡弄一支懷錶？
33106	好，等我找到再回來找你。
33107	還沒，不過我還在找。
33108	給你，一支漂亮的銀懷錶。
33109	這是給你的漂亮金懷錶。
33110	我要你去偷那個皮條客的地址本。
33111	我不接受陌生人請的酒。
33112	沒有，我現在手上沒有錶。
33113	別煩我。
33114	什麼樣的生意？
33115	恐怕我幫不了你，那種事我已經不幹了。
33116	別再多管我的事了，兄弟，不然就有麻煩了。滾開！
33117	我對錢沒興趣，這年頭錢對我來說不難弄。不過要是能拿支漂亮的懷錶來換，我倒是可能被說服幫你。
33118	我在收集懷錶，懂嗎。這一帶的錶我大概都有了，不過只收漂亮的，破爛貨我可不理。
33119	我不要什麼錢。我要的就是一支漂亮的懷錶，放進我的收藏裡。
33120	這一帶的錶我大部分都收了，不過再多一支也無妨。給我弄一支漂亮的來，我就幫你辦事。
33121	嘿嘿，那是你的問題，兄弟。我們肯定還會再見的。
33122	這種我有一大把了。你要我幫忙，得拿點更好的東西來才行。
33123	這支很不錯。你想要我幫你做什麼？
33124	沒問題，在這裡等我一下。
33125	輕鬆到手。這裡還有一把鑰匙。跟你做生意真愉快，再會。
33126	晚上好啊，大人。要是您想找點樂子，這兩位可愛的女士都能以非常划算的價錢為您服務。
33127	啊，看來您改變心意了。要是這兩位不合您的意，我口袋裡的名冊上還有一大堆地址呢。
33128	聽著，我叫你走開了。要是再讓我看到你，我就叫我的人過來。
33129	就算是你付錢給我，我也不會碰那些女孩。
33130	我可能有興趣，不過你還有別的人選嗎？
33131	不用了，謝謝。我可不想染上什麼病！
33132	她們過一晚要多少錢？
33133	不，我沒改變心意。我沒興趣。
33134	抱歉，我實在付不起這麼多錢。
33135	倫敦城裡最漂亮女孩的姓名地址，我口袋裡都有。只要兩英鎊，我保證能找一個合您意的。
33136	只要兩英鎊，我手下隨便哪個女孩都能陪您一整晚。
33137	你能不能別再浪費我的時間了！我不想再聽到你的事。
33138	那我們就沒什麼好談的了。
33139	隨您便。不過要是改變心意了，您知道要上哪找全城最划算的服務。
33140	先生，需要為您準備什麼嗎？
33141	先生，我跟您說過了，我對茉莉·帕金一無所知。請您別再煩我了。
33142	那先生，您決定要雇我這幾位可愛的姑娘中的一位了嗎？她們是全城最好的。
33143	你找到我的茶了嗎？
33144	你最好快點，不然他會起疑心的。
33145	我說過了，除非你把茶拿來給我，我不會幫你的。
33146	這是怎麼回事？聽說你一直在騷擾這位老闆。
33147	請給我一杯麥酒。
33148	這附近要找娛樂，該去哪裡？
33149	不用了，謝謝。
33150	我在找個女孩陪我過夜。
33151	哦，你知道的，唱唱歌之類的。
33152	我不是本地人，你有什麼建議？
33153	我覺得娼妓這種行業讓人相當反感。
33154	我懷疑自己付不起找女孩的錢。
33155	沒有，我沒有。日安。
33156	我不相信你。
33157	抱歉，朋友，你這謊撒得不太高明。
33158	好，晚點見。
33159	我想我有東西你該看看……
33160	看來我最好自己去找她。
33161	我想我最好去報警。
33162	我想你該老實說了！
33163	我想你最好告訴我他們在哪裡碰面
33164	你的利益比一個女孩的命還重要。
33165	好吧，我去幫你把茶找回來。
33166	呃，不了，我再去看看。
33167	這是你的茶。
33168	呃……要不要我請你喝一杯？
33169	這樣還不夠。你必須幫我。
33170	好吧，雖然我不願意，但我會去把茶弄來。
33171	好吧，我認輸了。你說得對，她不值得。
33172	不，我不要。憑什麼？
33173	我不在乎，去叫他們吧。
33174	給您，先生。半先令。
33175	您想要什麼樣的娛樂呢？
33176	那您可來對地方了，先生。我這兒有幾個女孩，保證合您胃口。
33177	抱歉，先生。我們這裡不允許那種事。這是家正經的店！不過如果您有興趣，我可以提供幾個女孩讓您挑選。
33178	是這樣的，先生，我這裡有最好的挑選，這些姑娘能讓您整晚都盡興。
33179	我……呃，我這名單上好像沒有這個名字的姑娘，先生。您還是到別處問問吧。再會。
33180	那您在這附近就找不到樂子了。改變心意的話再叫我一聲。
33181	那就別再浪費我的時間了，先生。再會。
33182	抱歉，先生。我……呃，名單上沒有這個名字的人。再會。
33183	酒保讀著日記和信件。
33184	這麼說開膛手傑克的下一個目標是茉莉·帕金。這姑娘真是可憐。真希望我們能做點什麼。
33185	不！我是說，何必為這種事去麻煩警察。茉莉不過是個蠢妓女，沒人會在乎她。
33186	好啦好啦。她是我手下的姑娘。這事我很抱歉，但跟她約好的那個人是我最重要的客戶之一。
33187	反正這些證據也含糊得很。要是我是你，我會該幹什麼幹什麼去，忘了自己曾經插手這事。
33188	那不就毀了我最賺錢的一筆生意？想都別想。除非你能想辦法補償我的損失，我才會考慮。
33189	舉個例子，我有一批茶被扣了，關在倉庫裡。你要是能幫我弄一些回來，讓我招待那些有錢的客人，我就幫你這個忙。
33190	話說回來，她不過是個廉價妓女。沒人會惦記她。
33191	謝謝你。雖然我覺得這不太明智，但我會幫你。至少能省下一個姑娘。這是沃平巷盡頭那間倉庫的鑰匙。
33192	茉莉現在應該已經到了。她拿了另一把鑰匙，要在倉庫裡跟那個人碰面。事情辦完了記得回來告訴我──如果你還活著的話。再會。
33193	我沒有義務幫任何人。趁我還沒叫人之前，快滾。
33194	因為我的耐性已經用完了，你不是把茶弄來，就是等著挨一頓好打。話說回來，你幹嘛這麼急著幫忙？
33195	我知道了，你就是那個被人看到彎腰蹲在那女孩屍體旁的傢伙。警察都懷疑你是開膛手了吧。你不把我的茶弄來，我就去報警。
33196	好，我會的。
33197	俺講的是實話，老爺。俺壓根沒聽過這個人。
33198	那幾個看起來粗魯的男人不理你。
33199	走開！我們沒時間招呼你這種上等人。
33200	別來煩我們。
33201	聽著，我說過了，別煩我。
33202	滾開，我沒空理陌生人。
33203	嗨，親愛的，想找點樂子嗎？
33204	皮條客擠到你和那些女孩中間。
33205	不用了，謝謝。我只是想聊聊。
33206	抱歉，我以為你是我認識的人。
33207	那要看價錢了。
33208	你是誰？你不是警察吧？
33209	他在碼頭那邊的門外等著。小心點。
33210	不是，我是來抓開膛手傑克的。
33211	你一定就是茉莉·帕金。
33212	抱歉，但這是私人的事。我必須殺了他。
33213	冷靜點，茉莉。這個殺人犯交給我處理。
33214	我從酒保那裡拿到了鑰匙。
33215	我有我自己的辦法。
33216	抱歉，但開膛手傑克是我的兄弟。
33217	沒錯，而我有權懲罰他。
33218	不行！那個混蛋對我朋友做的事，我一定要他付出代價，你阻止不了我！
33219	誰告訴你我的名字的？你到底是怎麼進來的？
33220	我早知道不能信任他，但今晚我就要報仇，把開膛手傑克碎屍萬段，就像他對我那麼多朋友做的一樣。
33221	你阻止不了我殺開膛手傑克。我要親眼看著他死，才能甘心。
33222	你的兄弟……那個怪物是你的兄弟？
33223	沒錯。但你必須先有機會一試。要是你失敗了，我就親手取他的命。祝你好運。
33224	叔叔，你能跟我說說這個地方的事嗎？
33225	你能給我一些魔法上的幫助嗎？
33226	你有什麼辦法能找到我的兄弟嗎？
33227	我要去哪裡找偽裝的東西？
33228	我沒辦法越過服飾店上方的那個缺口。
33229	你覺得我要怎麼進去那家服飾店？
33230	我要怎麼擺脫那條狗？
33231	真希望我能找到日記裡遺失的那一頁。
33232	我不太想從那條巷子裡那些傢伙旁邊走過去。
33233	再會了，叔叔。
33234	銘牌上沒寫的，我知道的也不多。不過我猜，你是因為長得跟你兄弟太像，才被人認錯了。
33235	我會去找點偽裝的東西，好騙過這裡的人。
33236	恐怕在這裡辦不到。這裡的魔法力場太弱了。
33237	你兄弟開膛手傑克殺的都是妓女，我想你最好的辦法是去找當地的皮條客打交道，查查他們的約會安排。
33238	去找家裁縫店試試。不過這個時間店都關了，你得想辦法闖進去。
33239	我建議你去找塊木板之類的東西。這附近有碼頭，說不定能找到。
33240	我看唯一能進去的辦法，就是從樓上的窗戶進去。
33241	試著用繩子之類的東西把自己放下去。這附近一定有繩子。
33242	或許用點毒藥對付牠會有效。這樣應該是最不會引起騷動的辦法。殺了牠動靜太大，會引來警察。
33243	我看到下一頁上有壓出來的痕跡。你只要找根鉛筆之類的東西，在上面輕輕摩擦拓印，字跡就會變清楚。
33244	在我看來他們像是搶匪。他們身上的氣場透著邪念。我會想辦法擺脫他們。可惜你沒辦法叫警察來抓他們。
33245	再會。
33246	你不是弗拉迪米爾！
33247	誰？
33248	弗拉迪米爾？
33249	不是。我有自己的名字。
33250	這個弗拉迪米爾是什麼人？
33251	不，我根本沒見過他。
33252	你到底是誰？
33253	他為什麼要折磨你？
33254	你怎麼會這麼了解我？
33255	你為什麼被囚禁在這裡？
33256	你就是我叔叔提過的那個德魯克？
33257	我要怎麼解除女巫的詛咒？
33258	你為什麼不殺了弗拉迪米爾報這個仇？
33259	我要怎麼回到你的那個時代？
33260	有什麼辦法我能幫你嗎？
33261	我會試著幫你找個施法者。再會。
33262	死靈法師弗拉迪米爾──願他那不死的靈魂受詛咒──違背我們的意願，讓我們活在這裡，供他發洩他那殘虐的樂趣。不過，你不是他的手下。
33263	你也不是弗拉迪米爾的奴僕。你太……有生氣了。
33264	你我是同一個家族的人。我叫德魯克，是我和我的兄弟弗拉迪米爾，最先受到女巫詛咒的人。
33265	你是第五對雙胞胎的其中一半，但你體內卻是最後那一對的靈魂。
33266	那個死靈法師就是弗拉迪米爾，是家族裡第五對受詛咒雙胞胎中的一個。
33267	不過我看得出來，你體內住著最後一對的靈魂。
33268	你確實幸運，因為他對你會特別感興趣。我看到的是第五對的身體，但裡面住著的卻是最後一對的靈魂。
33269	我是德魯克──你們祖先中第一個受到家族詛咒的人。你有著第五對的身體，卻裝著最後一對的靈魂。
33270	我們是你的祖先，曾經打敗過家族裡的黑暗一脈。我是德魯克──第一個承受這詛咒之痛的祖先。
33271	我看得出你是家族裡第五個受詛咒的人，但你體內住著的卻是最後一位的靈魂。
33272	我們兩個，還有這裡的其他人，都只是同一個人的轉世。我們都曾在各自的時代與邪惡的兄弟交手過。
33273	但命中注定，是你要來終結這個詛咒。
33274	我們在過去的轉世裡試過很多次，全都失敗了。你必須成功，把整個家族從這邪惡中解放出來。
33275	弗拉迪米爾是邪惡雙胞胎中的一個。跟他們一貫的作風一樣，他渴求力量，並打算靠黑暗的死靈法術來取得它。
33276	他派出喪屍奴僕四處搜尋，把善良那一方雙胞胎的屍體找回來，好折磨他們。
33277	他把我們從墓中復活，囚禁在這裡，讓我們永遠無法真正安息。
33278	他每天都會下來這裡玩弄我們，看著我們受苦而得意。
33279	我就是德魯克。我是當年招來女巫憤怒那個人的兒子之一。你叔叔小時候跟你說的那個「傳說」，是真的。
33280	我以德魯克的身分存在了四百年，此生唯一的心願，就是向弗拉迪米爾報仇，終結這個詛咒。
33281	我不知道這詛咒該如何破解，恐怕這根本是不可能的任務。要打破它，唯一的辦法就是讓它從一開始就不曾被下過。
33282	你必須想辦法回到我的時代，在詛咒被下之前殺了那個女巫。這是唯一能讓我們永遠擺脫它的辦法。
33283	弗拉迪米爾確實非常強大。他不受尋常時間的影響，而且有魔法護體，一切非魔法的攻擊都傷不了他。
33284	我們很想讓他為加諸在我們身上的羞辱付出代價，但我們被困在這副腐朽無用的肉身裡，動彈不得。
33285	跟你來這裡的方法一樣──透過你叔叔的其中一座蠟像。不過你得先打敗被囚禁在那些蠟像裡的四對雙胞胎。
33286	只有這樣，你的兄弟才會弱到無法再阻止你進入那座蠟像。
33287	你不是魔法師。你必須找個施法者來幫你解除這束縛。
33288	另外，為了運用我們的力量，你必須把我們引導進你叔叔那顆水晶球裡，直到我們解決弗拉迪米爾為止。
33289	你又來折磨我們了，邪魔。
33290	邪魔？
33291	你一定是把我跟別人搞混了。
33292	我為什麼要折磨你？
33293	我不是你以為的那個人。
33294	我做了什麼要遭這種對待？
33295	你到底是誰？
33296	我不是你那麼痛恨的那個人。
33297	我想我是他的兄弟……
33298	這整件事實在讓人一頭霧水。
33299	我只是個卑微的掘墓人。
33300	別想騙我們，撒旦的爪牙。盡你所能吧，但記住，你永遠打不垮我們的意志。
33301	你想嘲弄我們嗎？這又是你用來取樂的殘忍手段之一嗎？
33302	你的心思跟午夜一樣黑，被詛咒的撒旦爪牙。要對我們怎樣就來吧，別再耍這種三腳貓的花招。
33303	那你會是誰呢，邪魔？這個人長得像邪魔、聲音像邪魔，甚至連氣味都像邪魔，還能是誰？
33304	你對我們做的事罪不可赦。記住這句話，我們會向你討回這一切！
33305	你把我當傻子嗎？我不會再忍受你這些可憐的問題了。
33306	那你會是誰呢，邪魔？這個人長得像邪魔、聲音像邪魔，甚至連氣味都像邪魔，還能是誰？
33307	過了這麼久……德魯克早就預言你會到來。你一定就是他說的那個人。
33308	他預言過，會有一個人擁有邪魔的面容，卻懷著善良的靈魂。你最好去跟躺在最左邊那副棺木裡的他談談。再會。
33309	等等……我現在明白你是誰了。德魯克曾預言過，會有一個人擁有邪魔的面容，卻懷著善良的靈魂。
33310	你就是我們等了這麼久的救星。德魯克躺在最左邊那副棺木裡。你一定要去跟他談談。
33311	這不是真的。你跟邪魔實在太相像了。如果你不是邪魔本人，那你就是他的家人……也是我的家人。
33312	你一定就是德魯克說的那個人。你得親自去跟他談。他躺在最左邊那副棺木裡。
33313	你能施法把德魯克救出來嗎？
33314	你能幫我對付那些喪屍嗎？
33315	教堂裡那隻蝙蝠我該怎麼處理？
33316	對這個地方有什麼建議嗎？
33317	這塊麵包能當法術的材料嗎？
33318	你能治療我的傷嗎？
33319	你現在能施法了嗎？
33320	我要怎麼阻止弗拉迪米爾？
33321	我要怎麼突破那個力場？
33322	你還有什麼建議可以給我嗎？
33323	你現在能施展治療法術了嗎？
33324	我要怎麼進到墓穴裡？
33325	先告辭了，叔叔。
33326	我或許能解除束縛他靈魂與身體的魔法。不過在施法之前，我需要一種吸收性材料當作施法材料。
33327	它會吸走魔法的能量，讓它失效。
33328	恐怕魔法幫不上你什麼忙，能傷害喪屍的法術寥寥無幾。不過我可以給你一些對付牠們的建議。
33329	找一把尖銳的東西當武器。喪屍很難殺死，但可以讓牠們動不了。
33330	先砍掉牠們的手臂，牠們就沒辦法攻擊你了，你就能趁機解決牠們。
33331	那其實是隻吸血鬼，吸血鬼是非常強大的不死生物──我的魔法根本不是對手。我想傳統的方法對付牠最有效。
33332	我建議你畫一張地圖，因為那些石頭的排列很容易讓人搞混。小心別被困在角落裡。
33333	這足夠拿來施展解咒法術了。開始吧！
33334	這足夠拿來施展解咒法術了。你得把我帶到棺木室，我才能施法。
33335	是的……
33336	你得把我帶到棺木室，我才能施法。
33337	你找到他之後，必須親手觸碰他，讓那些靈魂透過你傳到他身上。
33338	一旦傳過去，儘管無法殺死他，但能讓他變得毫無威脅。
33339	這屏障太強大了，像我這樣的人根本破壞不了。
33340	我建議你找辦法讓它失效，那個死靈法師和他的奴僕肯定有進出的方法。
33341	我能為你施展一個非常強大的治療法術，但我需要一顆新鮮的人類心臟才能施法。至少這地方要找一顆倒是不難。
33342	好，開始吧……
33343	找找你祖先的墓穴，試著跟死者聯繫看看。
33344	找找墓園四周圍籬上有沒有鬆動的鐵欄。
33345	我這裡就有一顆人類的心臟。
33346	我看我得去找一顆了。
33347	你要我現在治療你嗎？這個法術能讓你完全恢復。
33348	好，請吧。
33349	現在還不用。
33350	想療傷的時候再來找我。
33351	把那老太婆帶過來。我要讓她知道，再也不敢從我家或任何一家偷東西了。
33352	一座蠟像，描繪一位公主被封入金字塔裡的景象。
33353	門鎖著。
33354	一座蠟像，描繪礦坑被變異植物侵占的景象。
33355	一座蠟像，描繪開膛手傑克與他其中一名被害者。
33356	一座蠟像，描繪墓園裡的喪屍群。
33357	做得好，姪子。我忠心的僕人交給你的每一件遺物，原本都是你邪惡祖先們的東西。
33358	雖然它們原本都擁有強大的魔力，
33359	我沒辦法早點讓你拿到，因為它們身上附著的邪惡，很可能也會感染到你。
33360	你成功打敗了它們的主人，那股邪惡已經被驅散，只留下它們原本的力量完好無損，現在你可以安全地擁有它們了。
33361	你現在得再進入另一座蠟像，回到過去，去面對那個對我們家族下詛咒的女巫。
33362	你必須運用這些遺物裡剩餘的力量，阻止女巫下咒。
33363	這是唯一能救你兄弟亞力克斯、並讓我們家族永遠擺脫這可怕詛咒的辦法。
33364	這個護身符原本是阿努比斯大祭司的東西。戴上它能幫你抵擋女巫的法術。
33365	這藥瓶裡裝的毒藥，是你那邪惡的祖先用來控制無助受害者心智的東西，
33366	在他把他們變成你先前遇到的那些植物狀生物之前用的。
33367	你第一次見到女巫時，把這個朝她扔過去。
33368	藥瓶裡的迷幻藥劑應該能讓她意識混亂、分神一段時間，足夠你找到並用上某種武器。
33369	這把刀是開膛手傑克用來犯下罪行的兇器。等那老巫婆倒在地上時，把它深深刺進她邪惡的脖子裡。
33370	這枚戒指原本是弗拉迪米爾戴的。
33371	如果你成功阻止女巫下這可怕的詛咒，它的力量將能讓你回到蠟像館，並讓你兄弟亞力克斯復活。
33372	記住，姪子，那女巫非常狡猾，你一定要按照我告訴你的順序，精確地使用這些遺物。
33373	祝你好運，我們整個家族的未來，甚至是過去，都繫於你身上。
33374	等你能瞄準她的時候再動手。
33375	女巫蜷縮在地上，斷臂的殘肢不斷湧出血來。一支弩箭深深插進她的頭裡，她痛得慘叫。
33376	幹得好，先生。我確信您的叔叔一定會為您的成功感到非常欣慰。
33377	他離開我們之前吩咐過我，要是您順利完成任務，就把這些東西交給您。
33378	幹得好，先生，主人特別叮囑我，一定要確保您不會在任務上耽誤時間。
33379	這一推的力道，把你推進了金字塔蠟像裡。
33380	這一推的力道，把你推進了礦坑蠟像裡。
33381	這一推的力道，把你推進了墓園蠟像裡。
33382	這一推的力道，把你推進了開膛手傑克蠟像裡。
33383	這一推的力道，把你推得向後倒去。
33384	你突然感到背後被人一推。
33385	做得好，我的姪子。你永遠解除了家族的詛咒，也救了你的兄弟。
33386	歷史已被重寫，你祖先們做過的邪惡之事也已被抹去。現在你得去找你的兄弟亞力克斯。
33387	我原本有兩隻手，你砍去了一隻。你那女人肚子裡懷著兩個兒子，我要拿走其中一個。他將加入我，為別西卜效命。
33388	從今以後，世世代代，只要你的家族誕下雙胞胎，其中一個就將屬於別西卜。
33389	這一推的力道，把你推進了女巫蠟像裡。
33390	你突然感到背後被人一推，把你推進了蠟像裡。
33391	你在猶豫什麼，我的姪子。你的兄弟還活著，你只需要運用戒指的力量，就能讓他恢復意識。
33392	這塊銘牌上的文字並不完整。你叔叔想必是在猝然離世前，還沒來得及寫完。
33393	我……我在哪裡？我做了一個很恐怖的夢……你也在夢裡，還有個老婦人偷了一個男人的雞。那男人用斧頭砍斷了她的手！
33394	接著她準備要施一個可怕的法術……一個魔法！一個閃著微光的身影突然出現，用一支箭阻止了她。
33395	那一箭真是漂亮……直接射穿她的頭，可是她臨死前咕嚕了幾句話，那個男人就變成了長著角和蹄的惡魔。
33396	我就是那時候醒過來的。我們現在可以回家了嗎？
33397	且慢，被詛咒之人。沒錯，我說你是被詛咒之人，因為我在你身上看見了最後一位的靈魂。但，我早已預見你的到來，你在我面前毫無力量。
33398	你把裝滿毒藥的藥瓶朝女巫扔過去。脆弱的瓶子撞上她應聲碎裂，劇毒灼燒著她的肌膚，她痛苦地慘叫。
33399	且慢，被詛咒之人。沒錯，我說你是被詛咒之人，因為我在你身上看見了最後一位的靈魂。
33400	你的殘酷只是讓我變得虛弱，你在我面前依然毫無力量。
33401	園丁的屍體被嚴重肢解。
33402	墓穴的外牆上有一道小裂縫。
33403	一個女孩的屍體被殘忍地肢解。
33404	一道力場把門牢牢封住。
33405	你退下了樓梯。
33406	一座宗教人物的雕像。領口周圍似乎沾著油脂。
33407	這油脂看起來是用來潤滑某種機關的。
33408	德魯克告訴我弗拉迪米爾就在附近。你見到他時，必須觸碰他，好讓那些靈魂進入他的身體，摧毀他。
33409	一個非常年邁的老人，留著整齊的灰色鬍子。
33410	那個邪惡的死靈法師。
33411	突然，一雙鬼魅般的手從棺木底部破出。那雙手用死亡般冰冷的力道緊緊掐住你的脖子。
33412	你被無情地拖進棺木裡，生命就此被扼殺。
33413	名牌上刻著「第一」。
33414	名牌上刻著「第二」。
33415	名牌上刻著「第四」。
33416	名牌上刻著「最後」。
33417	墓園四周圍著一道鑄鐵欄杆。
33418	你用那段鐵欄把墓穴撬開。
33419	先試試把它打開！
33420	你遭到強烈的電擊。
33421	它已經是開著的了！
33422	它已經是關著的了！
33423	你身上沒帶任何能用來削尖木樁的東西。
33424	你用鐮刀把木樁削出尖利的一端。
33425	那個頭轉了一圈，你聽到輕輕的一聲「喀」。
33426	你的力氣不夠，光靠雙手打不開墓穴。
33427	你沒辦法把頭拉到別的地方。
33428	這個腐爛的屍體沒有任何反應。
33429	屍體沒有回應。
33430	茉莉家的前門。
33431	你可以看到下面那頁紙上留下的字跡壓痕。
33432	她看起來非常緊張。
33433	一個可以從內側鎖上大門的門栓。
33434	一隻凶猛的德國狼犬看門狗。
33435	一個堅固密封的木桶。
33436	你聽到當舖後院有狗在叫。
33437	裁縫店的前門已經上鎖過夜。
33438	銘牌上寫著:「Prock, O'Banion and Bowlheaver 律師事務所暨宣誓監誓人。二樓。」
33439	銘牌上寫著:「M.A.Sample 訂製西服店。」
33440	一對看起來不太正經的傢伙。
33441	老闆站在吧檯後面。
33442	一個看起來不太正經的傢伙。
33443	這個櫃子的前面有點鬆動。
33444	你翻閱著這本翻爛的本子,裡面記了一堆年輕女子的地址,但你一個名字都不認得。
33445	你翻著這本翻爛的本子尋找茉莉·帕金的地址。最後你找到一條記錄:「M.帕金,特里科巷」。
33446	這是瑪莉·皮姆寫給茉莉的信,她說自己覺得知道開膛手傑克是誰,並已經和庫爾斯頓街那個男人私下約好見面。
33447	你沒有東西可以用來撬開這個箱子。
33448	你用鐵撬把包裝箱撬開了。
33449	你把動物內臟丟給那隻狗,牠吃掉了。
33450	 牠因安眠藥發揮作用而睡著了。
33451	 牠吃下混了毒藥的肉,哀嚎一聲後就死了。
33452	一隻手抓住你的腳踝,把你從桶子上拉下來。
33453	你把氰化物混進動物內臟裡。
33454	你把安眠藥混進動物內臟裡。
33455	你用從鎖匠那裡拿到的鑰匙打開了保險箱。
33456	你沒有能打開這個保險箱的鑰匙。
33457	你用從那個皮條客口袋裡拿到的鑰匙打開了門。
33458	你用律師事務所信件裡附的鑰匙打開了門。
33459	你用酒保給你的鑰匙打開了門。
33460	你沒有能打開這扇門的鑰匙。
33461	你聽到遠處傳來警察的哨聲。
33462	你已經戴著帽子了。
33463	你倒地不省人事。
33464	那真是個愚蠢的舉動。你幾乎肯定會引來警察注意,說不定還會招來更糟的麻煩!
33465	這裡不會有人聽到,但別在街上這麼做,否則你幾乎一定會引來警察,或是更糟的傢伙!
33466	你聽到遠處有人奔跑,還有隱約的喊叫聲。
33467	你把霰彈槍上膛了。
33468	傳來一聲巨響,但沒有子彈射出。這些彈殼一定是空包彈。
33469	你把衣服撥到一旁,露出一個保險箱。
33470	你被關了一夜,第二天早上被帶到法官面前,含冤被判有罪,因祖先的罪行被判處吊刑。
33471	郵局的前門已經上鎖過夜。
33472	門前鎖著一道非常堅固的鐵欄柵。
33473	肉舖的前門已經上鎖過夜。
33474	鞋匠兼鎖匠店的前門已經上鎖過夜。
33475	五金行的前門已經上鎖過夜。
33476	蔬果店的前門已經上鎖過夜。
33477	當舖的前門已經上鎖過夜。
33478	一塊巨大的石頭擋住了前方的路。
33479	一座阿努比斯巨大雕像的胸口。
33480	雕像胸口有個凹槽,似乎曾有東西從這裡被取走。
33481	一具刻著花紋的石棺。
33482	一個聖甲蟲形狀的凹槽。
33483	一塊刻繪著哈托爾女神圖像的石板。
33484	一面厚重的玻璃鏡子。
33485	石頭上似乎隱約刻著某種箭靶圖案。
33486	看起來似乎能撐住一個人的重量。
33487	一座弓箭手的雕像。
33488	一個大罐子,重得無法移動。
33489	這幅壁畫描繪著一隻巨鷹,爪中抓著一個黃金安卡。
33490	這把弓被牢牢固定住了。
33491	一座描繪兩位埃及神明相會的雕塑。
33492	燒得火紅的炭火。
33493	你倒下去的水幾乎沒什麼效果。
33494	炭火開始降溫了。
33495	熱度已經減弱許多。
33496	炭火幾乎快熄滅了,但還是太熱,無法踩過去。
33497	一個用來焚香的炭爐。
33498	一個陶罐,蓋子做成獅頭的形狀。
33499	一個大水罐。
33500	他背上有個駭人的刀傷,恐怕已經死了。
33501	一塊巨大的石塊已經落下,把你永遠封死在這裡。
33502	地上蓋著一層厚厚的、黏糊糊的人體內臟。
33503	從池子裡撈出來的死鱷魚。
33504	罐子摔在地上碎裂,內臟在通道上鋪出一層黏膩發臭的薄膜。
33505	一個滿是水的池子,看起來很深。
33506	眼前的牆上固定著一組奇怪的管線裝置。
33507	罐子上刻著阿努比斯的符號。
33508	罐子上刻著哈托爾的符號。
33509	一座神話中巨鳥的雕塑。
33510	一幅美麗的手繪壁畫。
33511	一名畫師的屍體,喉嚨被割開。
33512	這幅壁畫描繪著生命之神哈托爾。祂的名字以聖書體寫在右側的方框裡。
33513	一幅描繪金鷹的壁畫。
33514	一幅描繪聖甲蟲的壁畫。
33515	一幅描繪另一位埃及神明的壁畫。
33516	罐子摔碎在地上,油流出來,在地面積成一灘。
33517	地上滿是你打破的罐子流出來的油。
33518	你可以聽到洞裡傳出奇怪的嘶嘶聲。
33519	你沒有需要治療的傷口。
33520	你的傷口已經全部治好了。
33521	你的部分傷口已經治好了。
33522	這面鏡子太厚了,靠蠻力根本打不破。
33523	這塊玻璃太厚了,靠蠻力根本打不破。
33524	你敲了敲壁畫,發出空洞的悶響。
33525	你敲了敲壁畫,發出結實的悶響。
33526	唉唷!這些玻璃碎片很鋒利。
33527	他右手握著一把精緻的長槍。
33528	他右手握著一把精緻的劍。
33529	他右手握著一把精緻的短劍。
33530	這東西太重了,搬不動。一定還有其他出路。
33531	先試試把罐子裝滿吧!
33532	炭火已經熄滅了。
33533	你把水倒在炭火上,發出嘶嘶的聲音。
33534	你得用很大的力氣才能移動這個。
33535	你割斷繩子的瞬間,罐子摔落地面碎裂,繩子則消失在天花板上方。
33536	你沒有東西可以用來點燃這些油。
33537	公主從石棺裡爬了出來。
33538	你不太確定,但深處似乎有某種大型生物在移動。
33539	你沒看到什麼特別的東西。
33540	瓶頸太窄,塞不進去。
33541	你把沙子倒進罐子裡。
33542	一個聲音轟然響起。
33543	「你必須選擇生命之路才能穿過這個房間。」
33544	時間到了。轉輪現在已經鎖死。
33545	你沒有東西可以用來裝水。
33546	你彎下身要把罐子裝滿水時,一個黑影從深處竄出,把你拖進水裡。
33547	你用池子裡的水把罐子裝滿。
33548	水嘩啦嘩啦地流向金字塔深處。
33549	鱷魚顯然不喜歡這屍體的味道。
33550	鱷魚顯然不喜歡這些內臟的味道。
33551	只有這些砝碼能放到天平的秤盤上。
33552	一個秤盤最多只能放三個砝碼。
33553	這塊巨石太重了,無法移動。
33554	一名礦工被壓碎的屍體。
33555	一股汽油正從發電機裡流出來。
33556	用來從發電機排出汽油的孔。
33557	一個緊緊蓋著的油箱蓋。
33558	一台汽油發電機。
33559	一名焊工被勒死的屍體。
33560	一名醫護人員被勒死的屍體。
33561	這個我需要幾分鐘才能弄好。
33562	好了,弄好了。
33563	電梯的控制裝置損壞得很嚴重。
33564	電梯的控制裝置已經被電工修好了。
33565	一個男人倒臥在電梯角落,看起來傷勢很重,幾乎失去意識。
33566	一個男人倒臥在電梯角落,看起來傷勢很重,已經失去意識。
33567	他現在恢復意識了,可以說話。
33568	一名工程師被壓碎的屍體。
33569	在所有人質裡,她看起來受影響最小。
33570	這個男人看起來完全正常,只是臉上和胸口有一種奇怪的綠色斑塊。
33571	這名人質看起來病得很重,已經進入變異的後期階段。
33572	這東西幾乎已經看不出是人類了。
33573	一個結實的木箱。
33574	你把噴霧器裡的汽油倒進瓶子裡。
33575	你把電鑽裡的油倒進瓶子裡。
33576	你把手帕塞進瓶口,做成一個汽油彈。
33577	你把瓶子裡的油倒進電鑽裡。
33578	你把噴霧器裡的汽油倒進電鑽裡。
33579	你把電鑽裡的油倒進噴霧器裡。
33580	你把瓶子裡的汽油倒進噴霧器裡。
33581	你把化學噴霧器裝滿燃料。
33582	你把電鑽裝滿燃料。
33583	你把瓶子裝滿汽油。
33584	這個電鑽裡沒有燃料,對我沒用。
33585	你把螺絲裝回排水孔裡。
33586	你沒有那顆螺絲。
33587	你沒有螺絲起子可以用來裝回螺絲。
33588	你按下引爆器上的發射按鈕。你現在只有很短的時間離開礦坑。
33589	快,帶我去怪物的房間,我來安裝炸藥。
33590	這應該能保護我不被那怪物的毒針刺到。
33591	這應該能保護我不受那植物毒氣的傷害。
33592	這個不行,它沒有濾芯。
33593	太好了。趕快去找剩下的東西,免得那些東西回來再對我下毒。
33594	你為什麼給我這個?這東西沒用。
33595	你已經戳出了那植物所有的眼睛,牠再也無法用目光鎖住你了。
33596	那植物生物的目光把你往前吸。
33597	那植物生物的一條卷鬚扭轉你的身體,把你拉向前方。
33598	木炭會從面罩前面掉出來,除非你把它裝進什麼容器裡。
33599	這副防毒面罩裡已經裝了一個臨時濾芯。
33600	你把裝滿木炭的手帕塞進防毒面罩前面,做成一個濾芯。
33601	光靠這條手帕,做不出合適的濾芯。
33602	你用手帕把木炭包起來。
33603	上面塞著一條包滿木炭的手帕,做成了濾芯。
33604	這條手帕包著一些木炭。
33605	噴霧器現在是空的。
33606	一個加壓化學噴霧器,你已經裝滿了汽油。
33607	一個空玻璃瓶。
33608	一個裝滿汽油的玻璃瓶。
33609	一台汽油動力的鑿孔機,現在裝滿了燃料。
33610	拿這個丟向鐵欄柵沒有用。
33611	沒有護目裝置,火把的光會太刺眼。
33612	你沒有東西可以用來點燃這些氣體。
33613	你用氧乙炬把掛鎖切斷了。
33614	損壞的控制裝置已經無法運作。
33615	不!炸藥引爆之前我們絕不能離開。
33616	你在他的口袋裡找到一條手帕和一把鑰匙。
33617	你在他的口袋裡找到一條手帕。
33618	這個男人戴著焊接面罩。
33619	他一手拿著電鑽。
33620	油箱蓋已經生鏽卡死,你打不開。
33621	你沒有東西可以用來拆開螺絲。
33622	你把排水孔上的螺絲轉開了。
33623	汽油開始從孔裡流出來。
33624	你刮著燒焦的木頭,收集了一些木炭碎片。
33625	你繼續刮著燒焦的木頭,收集了更多木炭碎片。
33626	我跟你一起去。留在那裡太危險了。
33627	奇怪的綠色藤蔓纏繞著通道的牆壁。
33628	燃料噴了出來,但沒有任何效果。
33629	拿這個丟向牆壁沒有用。
33630	你得先想辦法點燃這塊布,這個裝置才會有用。
33631	謝謝你,朋友。我的頭腦現在清醒多了,不過這效果應該不會持續太久。
33632	如果你給我一套工具,我就能修好電梯的控制裝置,我們就能逃出去了。走吧。
33633	你最好先確定我們有規劃好的逃生路線,才能用那個東西。我猜這爆炸會把整個地方都炸掉。
33634	你發現孔裡還留著一個鑽頭。
33635	突然間,空氣中充滿了刺鼻的酸性煙霧。你的肺部灼痛,拚命想呼吸,接著眼前一黑,失去了意識。
33636	兩棟房子之間有個很大的縫隙。
33637	一座堅固的磚造煙囪。
33638	銘牌上寫著:「Prock, O'Banion and Bowlheaver。律師事務所暨宣誓監誓人。」
33639	一個擺滿法律書籍的書架。
33640	一張這家事務所創辦人的畫像。
33641	法律書籍。
33642	一排格子櫃,塞滿了信件、遺囑和其他文件。
33643	一個抽屜櫃,裝滿了乏味的舊文件和紙張。
33644	這是一台最新款、最先進的踏板式縫紉機。
33645	一個真人大小的裁縫人形模特兒。
33646	抽屜裡裝滿了衣服。
33647	一堆整齊捲好的紳士圍巾,等著買家上門。
33648	紳士襯衫,配著乾淨的白領子。
33649	一本本男士西裝的版型書。
33650	一個展示櫃,裡面滿是領子和領帶。
33651	前門已經牢牢上鎖閂好。
33652	這扇門已經上了門栓又上鎖,打不開。
33653	一個橡木梳妝台,上面有一面鏡子。
33654	一張橡木餐桌,桌腳雕刻精美。
33655	幾件舊大衣和外套。
33656	一個保險箱,當舖老闆把最貴重的東西放在裡面。
33657	一座古董落地式老爺鐘。
33658	一隻巨大的棕熊標本。
33659	一台非常優雅、頂級品質的嬰兒車。
33660	一幅畫工相當粗劣的花卉風景畫。
33661	一張新款消毒粉的廣告海報。
33662	大量各式各樣的罐子,裡面裝著各種調製藥劑。
33663	前門已經牢牢閂好。
33664	一個牢牢鎖住的櫃子,裡面裝著大量醫療器械。
33665	一張新款藥丸的廣告海報,專為那些不幸患有某種尷尬毛病的人所準備。
33666	一排排小抽屜,裝著各種藥丸和藥粉。
33667	一排排抽屜,裝著大量藥品和調製藥劑。
33668	一個展示櫃,裡面擺著各式各樣的女性化妝品。
33669	一張肥皂品牌的展示海報。
33670	一張肝丸品牌的展示海報。
33671	一個裝在鑄鐵架上的大型手搖磨輪。
33672	一張「小寶石」修鞋店的廣告海報。
33673	六個抽屜,裝著各種鞋匠用具。
33674	一座相當漂亮的木製時鐘。
33675	一張頗為特別的鞋油廣告海報。
33676	一個立式的櫃檯展示架。
33677	一張黑鞋油的廣告海報。
33678	前面已經上鎖並牢牢閂好。
33679	一張鑰匙的廣告海報。
33680	就是他。他就是那個在那個女孩屍體旁被看到的傢伙。快叫警察。
33681	一個穿著粗花呢外套、神色可疑的年輕男子。
33682	一個扒手。
33683	兩位操守可疑的女子。
33684	兩位長得很漂亮的女孩。
33685	一個在吧檯喝酒的男人。
33686	老闆站在吧檯後面,心不在焉地用布擦拭著木頭檯面。
